"the_geom","active","northing","easting","station_nu","station_na"
"POINT (-64.45076485950328 45.586185682813756)","1.0","5049095.099","386829.665","NS01DL001","KELLEY RIVER AT EIGHT MILE FORD"
"POINT (-60.9759146356492 46.369515537283334)","1.0","5137095.316","655681.522","NS01FB001","NORTHEAST MARGAREE RIVER AT MARGAREE VALLEY"
"POINT (-64.48159806284289 44.36488263169319)","1.0","4913468.26","381944.28","NS01EF001","LAHAVE RIVER AT WEST NORTHFIELD"
"POINT (-65.24162646806138 44.216466816951986)","1.0","4898359.239","320932.979","NS01ED013","SHELBURNE RIVER AT POLLARD'S FALLS BRIDGE"
"POINT (-63.83998523316188 44.80038126533014)","1.0","4961118.83","433566.82","NS01EH053","POCKWOCK LAKE"
"POINT (-61.98095708721029 45.17340780670294)","0.0","5003060.46","579241.52","NS01EO001","ST MARY'S RIVER AT STILLWATER"
